category,hashtags_percentage
pilates,15.883152173913043
nutrition,4.802702702702702
yoga,4.457326892109501
dance,3.220472440944882
body_building,2.198409693297993
athlete,0.8716216216216216
fitness_model,0.4406392694063927
